name,start time,end time,duration
,294360879027.0,294360879067.0,40.0
g.h.eI,294360881110.0,294360881407.0,297.0
,294360881574.0,294360882075.0,501.0
,294360882386.0,294360882432.0,46.0
,294360882929.0,294360882946.0,17.0
,294360905107.0,294360905145.0,38.0
,294360930824.0,294360930897.0,73.0
,294360957008.0,294360957130.0,122.0
,294360964248.0,294360964366.0,118.0
,294360980180.0,294360980220.0,40.0
_.g.Hu,294360988242.0,294360988412.0,170.0
,294360988526.0,294360989142.0,616.0
,294360989203.0,294360989340.0,137.0
,294360989447.0,294360989681.0,234.0
,294360989740.0,294360990095.0,355.0
,294360990249.0,294360990407.0,158.0
,294360990538.0,294360991301.0,763.0
,294360991419.0,294360992314.0,895.0
,294360992450.0,294360992621.0,171.0
,294360994407.0,294360995703.0,1296.0
,294360995825.0,294360997131.0,1306.0
,294360997229.0,294360997370.0,141.0
_.g.uF,294361004914.0,294361004949.0,35.0
,294361005118.0,294361005366.0,248.0
,294361005429.0,294361005589.0,160.0
,294361005702.0,294361006085.0,383.0
,294361006206.0,294361006368.0,162.0
,294361006574.0,294361007188.0,614.0
,294361007376.0,294361007660.0,284.0
,294361007775.0,294361007912.0,137.0
_.g.Hu,294361008029.0,294361008084.0,55.0
,294361008124.0,294361008481.0,357.0
,294361008570.0,294361008646.0,76.0
,294361008722.0,294361008886.0,164.0
,294361009035.0,294361009262.0,227.0
,294361009319.0,294361009437.0,118.0
,294361009564.0,294361010412.0,848.0
,294361010513.0,294361011084.0,571.0
,294361011149.0,294361011315.0,166.0
,294361011599.0,294361011620.0,21.0
,294361021945.0,294361023967.0,2022.0
,294361024149.0,294361025822.0,1673.0
,294361025911.0,294361026181.0,270.0
,294361030257.0,294361030341.0,84.0
g.h.Ix,294361031130.0,294361031737.0,607.0
g.h.Ix,294361032015.0,294361032325.0,310.0
_.g.uF,294361039229.0,294361039268.0,39.0
,294361039483.0,294361039804.0,321.0
,294361039977.0,294361040380.0,403.0
,294361040500.0,294361042163.0,1663.0
,294361042322.0,294361042562.0,240.0
,294361042660.0,294361042746.0,86.0
,294361042868.0,294361043016.0,148.0
,294361043112.0,294361043214.0,102.0
,294361043303.0,294361043427.0,124.0
,294361043510.0,294361043565.0,55.0
,294361043645.0,294361043685.0,40.0
,294361043751.0,294361044111.0,360.0
,294361044202.0,294361044244.0,42.0
,294361044340.0,294361044374.0,34.0
,294361044407.0,294361044523.0,116.0
,294361044613.0,294361044659.0,46.0
,294361044693.0,294361044732.0,39.0
,294361044821.0,294361044865.0,44.0
,294361044964.0,294361045008.0,44.0
,294361045154.0,294361045254.0,100.0
,294361045293.0,294361045321.0,28.0
,294361045395.0,294361045433.0,38.0
,294361045463.0,294361045554.0,91.0
,294361045622.0,294361045734.0,112.0
,294361045804.0,294361045929.0,125.0
,294361046037.0,294361046082.0,45.0
,294361046192.0,294361046565.0,373.0
_.g.Hu,294361046706.0,294361046899.0,193.0
,294361047021.0,294361047346.0,325.0
,294361047482.0,294361047671.0,189.0
,294361047814.0,294361048108.0,294.0
,294361048230.0,294361048443.0,213.0
,294361048528.0,294361048648.0,120.0
,294361048861.0,294361049373.0,512.0
,294361049525.0,294361049814.0,289.0
,294361049924.0,294361050576.0,652.0
,294361050620.0,294361051069.0,449.0
,294361051117.0,294361051336.0,219.0
,294361055763.0,294361056140.0,377.0
,294361056355.0,294361056734.0,379.0
,294361057270.0,294361059267.0,1997.0
,294361059345.0,294361061016.0,1671.0
,294361061126.0,294361061332.0,206.0
,294361061896.0,294361061915.0,19.0
,294361064231.0,294361064303.0,72.0
,294361072558.0,294361072848.0,290.0
,294361072945.0,294361073468.0,523.0
,294361073574.0,294361075447.0,1873.0
,294361075570.0,294361077516.0,1946.0
,294361077659.0,294361077926.0,267.0
,294361082041.0,294361082137.0,96.0
,294361090153.0,294361090478.0,325.0
,294361090604.0,294361091030.0,426.0
,294361091150.0,294361092668.0,1518.0
,294361092739.0,294361094378.0,1639.0
,294361094491.0,294361094676.0,185.0
,294361106818.0,294361107214.0,396.0
,294361107322.0,294361107587.0,265.0
,294361107713.0,294361109150.0,1437.0
,294361109283.0,294361110806.0,1523.0
,294361111030.0,294361111246.0,216.0
,294361111771.0,294361111795.0,24.0
,294361123217.0,294361123402.0,185.0
,294361123477.0,294361123672.0,195.0
,294361123734.0,294361124825.0,1091.0
,294361124904.0,294361125903.0,999.0
,294361125973.0,294361126154.0,181.0
,294361130167.0,294361130196.0,29.0
g.h.eI,294361131471.0,294361131623.0,152.0
,294361139983.0,294361140186.0,203.0
,294361140276.0,294361140458.0,182.0
,294361140537.0,294361141613.0,1076.0
,294361141669.0,294361142839.0,1170.0
,294361142905.0,294361143074.0,169.0
,294361156644.0,294361156842.0,198.0
,294361156943.0,294361157190.0,247.0
,294361157281.0,294361158335.0,1054.0
,294361158402.0,294361159704.0,1302.0
,294361159785.0,294361159944.0,159.0
,294361160227.0,294361160271.0,44.0
,294361164450.0,294361164637.0,187.0
,294361173110.0,294361173401.0,291.0
,294361173525.0,294361173797.0,272.0
,294361173874.0,294361175390.0,1516.0
,294361175465.0,294361176998.0,1533.0
,294361177069.0,294361177315.0,246.0
,294361180561.0,294361180598.0,37.0
,294361180740.0,294361180796.0,56.0
,294361202972.0,294361203290.0,318.0
,294361203401.0,294361203715.0,314.0
,294361203807.0,294361205733.0,1926.0
,294361205808.0,294361207188.0,1380.0
,294361207286.0,294361208025.0,739.0
,294361209434.0,294361209890.0,456.0
_.g.uF,294361210092.0,294361210220.0,128.0
,294361210296.0,294361212625.0,2329.0
,294361212770.0,294361212988.0,218.0
,294361213066.0,294361213350.0,284.0
,294361213411.0,294361213889.0,478.0
,294361213955.0,294361214160.0,205.0
,294361214222.0,294361214370.0,148.0
,294361214461.0,294361214547.0,86.0
,294361214706.0,294361218767.0,4061.0
,294361218914.0,294361219223.0,309.0
,294361219325.0,294361219478.0,153.0
,294361219578.0,294361219650.0,72.0
,294361219744.0,294361219847.0,103.0
,294361219918.0,294361220074.0,156.0
,294361220191.0,294361220272.0,81.0
,294361220381.0,294361220475.0,94.0
,294361220532.0,294361220578.0,46.0
,294361220719.0,294361220867.0,148.0
,294361220998.0,294361221112.0,114.0
,294361221196.0,294361221257.0,61.0
,294361221409.0,294361221606.0,197.0
,294361221747.0,294361221837.0,90.0
,294361221933.0,294361222047.0,114.0
,294361222106.0,294361222152.0,46.0
,294361222201.0,294361222247.0,46.0
,294361222412.0,294361222607.0,195.0
,294361222699.0,294361222769.0,70.0
,294361222882.0,294361223143.0,261.0
_.g.Hu,294361223205.0,294361223566.0,361.0
,294361223632.0,294361225845.0,2213.0
,294361226020.0,294361226209.0,189.0
,294361226303.0,294361226437.0,134.0
,294361226528.0,294361226606.0,78.0
,294361226683.0,294361226738.0,55.0
,294361226885.0,294361228612.0,1727.0
,294361228738.0,294361228910.0,172.0
,294361229014.0,294361229228.0,214.0
,294361229321.0,294361229666.0,345.0
,294361229721.0,294361230166.0,445.0
,294361230275.0,294361231207.0,932.0
,294361231485.0,294361231505.0,20.0
,294361234844.0,294361236780.0,1936.0
,294361236947.0,294361237131.0,184.0
,294361237242.0,294361237486.0,244.0
,294361237631.0,294361239618.0,1987.0
,294361239727.0,294361242001.0,2274.0
,294361242153.0,294361243418.0,1265.0
,294361253695.0,294361256832.0,3137.0
,294361257049.0,294361257936.0,887.0
,294361258094.0,294361258356.0,262.0
,294361258437.0,294361259535.0,1098.0
,294361259619.0,294361260774.0,1155.0
,294361260882.0,294361262247.0,1365.0
g.h.Ix,294361262588.0,294361262669.0,81.0
,294361267120.0,294361268219.0,1099.0
,294361268322.0,294361268817.0,495.0
_.g.uF,294361268942.0,294361268988.0,46.0
,294361269115.0,294361270937.0,1822.0
,294361271047.0,294361271161.0,114.0
,294361271239.0,294361271372.0,133.0
,294361271443.0,294361271531.0,88.0
,294361271595.0,294361271658.0,63.0
,294361271714.0,294361271808.0,94.0
,294361271865.0,294361271935.0,70.0
g.h.pQ,294361272036.0,294361278434.0,6398.0
,294361278543.0,294361279103.0,560.0
,294361279800.0,294361280184.0,384.0
,294361280325.0,294361280362.0,37.0
,294361280479.0,294361280503.0,24.0
,294361280555.0,294361280568.0,13.0
,294361280613.0,294361280625.0,12.0
,294361280663.0,294361280672.0,9.0
,294361280707.0,294361280716.0,9.0
,294361280749.0,294361280759.0,10.0
,294361280790.0,294361280799.0,9.0
,294361280830.0,294361280839.0,9.0
,294361280869.0,294361280878.0,9.0
,294361280908.0,294361280917.0,9.0
,294361280947.0,294361280955.0,8.0
,294361280984.0,294361280993.0,9.0
,294361281022.0,294361281057.0,35.0
,294361281176.0,294361281203.0,27.0
,294361281256.0,294361281269.0,13.0
,294361281307.0,294361281318.0,11.0
,294361281355.0,294361281365.0,10.0
,294361281401.0,294361281498.0,97.0
,294361281551.0,294361281872.0,321.0
_.g.Hu,294361282060.0,294361282433.0,373.0
,294361282498.0,294361284296.0,1798.0
,294361284406.0,294361284563.0,157.0
,294361284645.0,294361284839.0,194.0
,294361284909.0,294361285038.0,129.0
,294361285104.0,294361285209.0,105.0
,294361285335.0,294361285406.0,71.0
,294361285534.0,294361285553.0,19.0
,294361285593.0,294361285602.0,9.0
,294361285635.0,294361285824.0,189.0
,294361285903.0,294361286270.0,367.0
,294361286356.0,294361286749.0,393.0
,294361286857.0,294361287003.0,146.0
g.h.nQ,294361294083.0,294361294554.0,471.0
,294361294839.0,294361295251.0,412.0
,294361295434.0,294361295485.0,51.0
,294361295549.0,294361295607.0,58.0
,294361295707.0,294361295980.0,273.0
_.g.uF,294361296053.0,294361296069.0,16.0
,294361296126.0,294361297152.0,1026.0
,294361297238.0,294361297334.0,96.0
,294361297379.0,294361297481.0,102.0
,294361297525.0,294361297582.0,57.0
,294361297621.0,294361297761.0,140.0
,294361297908.0,294361298073.0,165.0
,294361298151.0,294361298311.0,160.0
g.h.pQ,294361298427.0,294361300793.0,2366.0
,294361300904.0,294361300927.0,23.0
,294361300986.0,294361300996.0,10.0
,294361301053.0,294361301065.0,12.0
,294361301102.0,294361301109.0,7.0
,294361301157.0,294361301175.0,18.0
,294361301220.0,294361301227.0,7.0
,294361301269.0,294361301287.0,18.0
,294361301325.0,294361301333.0,8.0
,294361301376.0,294361301383.0,7.0
,294361301414.0,294361301420.0,6.0
,294361301462.0,294361301470.0,8.0
,294361301515.0,294361301523.0,8.0
,294361301552.0,294361301559.0,7.0
,294361301599.0,294361301606.0,7.0
,294361301642.0,294361301650.0,8.0
,294361301689.0,294361301696.0,7.0
,294361301724.0,294361301730.0,6.0
,294361301770.0,294361301785.0,15.0
,294361301825.0,294361301832.0,7.0
,294361301863.0,294361302081.0,218.0
_.g.Hu,294361302134.0,294361302265.0,131.0
,294361302305.0,294361303311.0,1006.0
,294361303379.0,294361303470.0,91.0
,294361303511.0,294361303639.0,128.0
,294361303696.0,294361303754.0,58.0
,294361303791.0,294361303890.0,99.0
,294361304038.0,294361304058.0,20.0
,294361304107.0,294361304238.0,131.0
,294361304288.0,294361304444.0,156.0
,294361304512.0,294361304882.0,370.0
,294361304991.0,294361305356.0,365.0
,294361305421.0,294361305616.0,195.0
,294361316412.0,294361316510.0,98.0
,294361317517.0,294361317586.0,69.0
,294361317690.0,294361317894.0,204.0
,294361317972.0,294361318506.0,534.0
,294361318682.0,294361320043.0,1361.0
,294361320133.0,294361321053.0,920.0
,294361321148.0,294361321315.0,167.0
,294361321817.0,294361321884.0,67.0
,294361323100.0,294361323336.0,236.0
,294361334521.0,294361334570.0,49.0
,294361334674.0,294361334853.0,179.0
,294361334936.0,294361335128.0,192.0
,294361335185.0,294361336060.0,875.0
,294361336132.0,294361337029.0,897.0
,294361337141.0,294361337261.0,120.0
,294361337496.0,294361337517.0,21.0
,294361351738.0,294361351784.0,46.0
,294361351881.0,294361352055.0,174.0
,294361352135.0,294361352422.0,287.0
,294361352556.0,294361353649.0,1093.0
,294361353783.0,294361355206.0,1423.0
,294361355295.0,294361355469.0,174.0
,294361355945.0,294361355964.0,19.0
,294361369126.0,294361369209.0,83.0
,294361369537.0,294361369777.0,240.0
,294361369866.0,294361370508.0,642.0
,294361370638.0,294361371612.0,974.0
,294361371705.0,294361372669.0,964.0
,294361372763.0,294361372914.0,151.0
,294361373102.0,294361373132.0,30.0
,294361384852.0,294361384924.0,72.0
,294361385024.0,294361385285.0,261.0
,294361385368.0,294361385519.0,151.0
,294361385581.0,294361387119.0,1538.0
,294361387230.0,294361388511.0,1281.0
,294361388600.0,294361388752.0,152.0
,294361388957.0,294361388971.0,14.0
g.h.eI,294361389256.0,294361389423.0,167.0
,294361402970.0,294361403027.0,57.0
,294361403132.0,294361403326.0,194.0
,294361403393.0,294361403591.0,198.0
,294361403671.0,294361404497.0,826.0
,294361404570.0,294361405430.0,860.0
,294361405495.0,294361405639.0,144.0
,294361405973.0,294361405995.0,22.0
,294361421432.0,294361421562.0,130.0
,294361421716.0,294361422028.0,312.0
,294361422178.0,294361422423.0,245.0
,294361422510.0,294361423788.0,1278.0
,294361423864.0,294361425563.0,1699.0
,294361425672.0,294361425805.0,133.0
g.h.nQ,294361431260.0,294361431555.0,295.0
,294361431709.0,294361431757.0,48.0
,294361431867.0,294361431899.0,32.0
,294361432005.0,294361432279.0,274.0
_.g.uF,294361432344.0,294361432361.0,17.0
,294361432426.0,294361435045.0,2619.0
,294361435236.0,294361435400.0,164.0
,294361435541.0,294361435719.0,178.0
,294361435850.0,294361435972.0,122.0
,294361436042.0,294361436186.0,144.0
,294361436301.0,294361436444.0,143.0
,294361436510.0,294361436602.0,92.0
,294361436750.0,294361436778.0,28.0
,294361436830.0,294361436880.0,50.0
,294361436944.0,294361436959.0,15.0
,294361437046.0,294361437072.0,26.0
,294361437115.0,294361437129.0,14.0
,294361437200.0,294361437212.0,12.0
,294361437248.0,294361437255.0,7.0
,294361437292.0,294361437300.0,8.0
,294361437393.0,294361437412.0,19.0
,294361437465.0,294361437541.0,76.0
,294361437603.0,294361437655.0,52.0
,294361437718.0,294361437733.0,15.0
,294361437822.0,294361437854.0,32.0
,294361437911.0,294361437923.0,12.0
,294361438029.0,294361438051.0,22.0
,294361438191.0,294361438223.0,32.0
,294361438341.0,294361438364.0,23.0
,294361438445.0,294361438486.0,41.0
,294361438544.0,294361438556.0,12.0
,294361438666.0,294361438953.0,287.0
_.g.Hu,294361439019.0,294361439158.0,139.0
,294361439289.0,294361439622.0,333.0
,294361439738.0,294361439863.0,125.0
,294361439979.0,294361440241.0,262.0
,294361440319.0,294361440472.0,153.0
,294361440612.0,294361440790.0,178.0
,294361441126.0,294361441160.0,34.0
,294361441306.0,294361442800.0,1494.0
,294361442971.0,294361443185.0,214.0
,294361443339.0,294361443784.0,445.0
,294361443853.0,294361444403.0,550.0
,294361444471.0,294361444718.0,247.0
,294361461917.0,294361461972.0,55.0
,294361462072.0,294361462378.0,306.0
,294361462497.0,294361462825.0,328.0
,294361462980.0,294361464209.0,1229.0
,294361464319.0,294361465840.0,1521.0
,294361465935.0,294361466165.0,230.0
,294361466714.0,294361466769.0,55.0
,294361467614.0,294361467655.0,41.0
,294361467780.0,294361468005.0,225.0
,294361468102.0,294361468348.0,246.0
,294361468415.0,294361469529.0,1114.0
,294361469654.0,294361471051.0,1397.0
,294361471265.0,294361471409.0,144.0
,294361482462.0,294361482519.0,57.0
,294361482704.0,294361482872.0,168.0
,294361482993.0,294361483156.0,163.0
,294361483223.0,294361484703.0,1480.0
,294361484835.0,294361486606.0,1771.0
,294361486767.0,294361487008.0,241.0
,294361487303.0,294361487383.0,80.0
,294361490881.0,294361490916.0,35.0
,294361504132.0,294361504187.0,55.0
,294361504319.0,294361504631.0,312.0
,294361504745.0,294361504946.0,201.0
,294361505048.0,294361505967.0,919.0
,294361506146.0,294361507500.0,1354.0
,294361507586.0,294361507877.0,291.0
,294361513438.0,294361513513.0,75.0
,294361514083.0,294361514210.0,127.0
,294361514505.0,294361514893.0,388.0
,294361515037.0,294361515315.0,278.0
,294361515394.0,294361517053.0,1659.0
,294361517159.0,294361518488.0,1329.0
,294361518595.0,294361518760.0,165.0
,294361537500.0,294361537621.0,121.0
,294361537740.0,294361537757.0,17.0
,294361537816.0,294361537977.0,161.0
,294361538039.0,294361539908.0,1869.0
,294361540061.0,294361543048.0,2987.0
,294361543186.0,294361543627.0,441.0
,294361544111.0,294361544136.0,25.0
g.h.Ix,294361544277.0,294361544886.0,609.0
g.h.Ix,294361549142.0,294361549433.0,291.0
g.h.Ix,294361549616.0,294361549799.0,183.0
g.h.Ix,294361553106.0,294361553117.0,11.0
,294361555085.0,294361555321.0,236.0
,294361564182.0,294361564240.0,58.0
,294361565164.0,294361565212.0,48.0
,294361565331.0,294361565620.0,289.0
,294361565700.0,294361565947.0,247.0
,294361566067.0,294361567533.0,1466.0
,294361567628.0,294361568491.0,863.0
,294361568570.0,294361568811.0,241.0
,294361580972.0,294361581017.0,45.0
,294361589658.0,294361589719.0,61.0
,294361589950.0,294361590348.0,398.0
,294361590492.0,294361590874.0,382.0
,294361590971.0,294361593240.0,2269.0
,294361593384.0,294361595052.0,1668.0
,294361595198.0,294361595461.0,263.0
,294361605231.0,294361605279.0,48.0
,294361606591.0,294361606679.0,88.0
,294361606822.0,294361607090.0,268.0
,294361607172.0,294361607460.0,288.0
,294361607572.0,294361609239.0,1667.0
,294361609387.0,294361611591.0,2204.0
,294361611732.0,294361611949.0,217.0
,294361623596.0,294361623663.0,67.0
,294361623901.0,294361624156.0,255.0
,294361624281.0,294361624582.0,301.0
,294361624746.0,294361627208.0,2462.0
,294361627354.0,294361628739.0,1385.0
,294361628881.0,294361629069.0,188.0
,294361630131.0,294361630156.0,25.0
,294361640426.0,294361640558.0,132.0
,294361640779.0,294361641119.0,340.0
,294361641302.0,294361641783.0,481.0
,294361641896.0,294361643230.0,1334.0
,294361643312.0,294361644367.0,1055.0
,294361644446.0,294361644604.0,158.0
g.h.eI,294361644851.0,294361644982.0,131.0
,294361655183.0,294361655226.0,43.0
,294361655430.0,294361655686.0,256.0
u.K,294361657076.0,294361657471.0,395.0
,294361661480.0,294361661705.0,225.0
,294361662246.0,294361662293.0,47.0
,294361662364.0,294361662495.0,131.0
,294361662554.0,294361662718.0,164.0
,294361662783.0,294361663631.0,848.0
,294361663696.0,294361664650.0,954.0
,294361664733.0,294361664883.0,150.0
,294361665055.0,294361665269.0,214.0
,294361681639.0,294361681769.0,130.0
,294361707063.0,294361707142.0,79.0
,294361732021.0,294361732061.0,40.0
,294361741458.0,294361741674.0,216.0
,294361742122.0,294361743359.0,1237.0
,294361743541.0,294361744070.0,529.0
,294361744221.0,294361744944.0,723.0
,294361745126.0,294361745625.0,499.0
,294361745759.0,294361746223.0,464.0
_.g.Hu,294361746368.0,294361746604.0,236.0
,294361746735.0,294361747166.0,431.0
,294361747413.0,294361747441.0,28.0
,294361751313.0,294361751330.0,17.0
,294361751556.0,294361751568.0,12.0
,294361751724.0,294361751850.0,126.0
,294361751969.0,294361752092.0,123.0
,294361752161.0,294361752435.0,274.0
_.g.Un,294361752556.0,294361752564.0,8.0
,294361752651.0,294361754819.0,2168.0
,294361754989.0,294361755544.0,555.0
,294361755693.0,294361756429.0,736.0
,294361756626.0,294361757425.0,799.0
,294361757675.0,294361758417.0,742.0
,294361758642.0,294361758897.0,255.0
,294361758999.0,294361759246.0,247.0
,294361759362.0,294361760322.0,960.0
,294361760439.0,294361760594.0,155.0
,294361760717.0,294361761675.0,958.0
g.h.Ix,294361764160.0,294361764278.0,118.0
,294361764470.0,294361764534.0,64.0
,294361764723.0,294361765089.0,366.0
,294361765264.0,294361765363.0,99.0
,294361782632.0,294361782678.0,46.0
,294361805258.0,294361805363.0,105.0
,294361808367.0,294361808534.0,167.0
,294361833246.0,294361833315.0,69.0
,294361836913.0,294361837278.0,365.0
,294361837439.0,294361838702.0,1263.0
,294361838840.0,294361839239.0,399.0
,294361839364.0,294361839694.0,330.0
,294361839805.0,294361839961.0,156.0
y0.I,294361840135.0,294361840750.0,615.0
,294361840982.0,294361841269.0,287.0
,294361841451.0,294361843187.0,1736.0
,294361843436.0,294361843739.0,303.0
,294361843881.0,294361844500.0,619.0
,294361844646.0,294361844974.0,328.0
,294361845099.0,294361845339.0,240.0
,294361845407.0,294361845580.0,173.0
,294361845649.0,294361845784.0,135.0
,294361845890.0,294361845980.0,90.0
,294361846074.0,294361846160.0,86.0
,294361846262.0,294361846416.0,154.0
,294361846558.0,294361846672.0,114.0
,294361846728.0,294361846850.0,122.0
,294361846902.0,294361847033.0,131.0
,294361847091.0,294361847205.0,114.0
,294361847304.0,294361847420.0,116.0
dc,294361847481.0,294361847512.0,31.0
,294361847593.0,294361848205.0,612.0
,294361848270.0,294361848396.0,126.0
,294361848499.0,294361848595.0,96.0
,294361848702.0,294361848854.0,152.0
,294361848948.0,294361849032.0,84.0
,294361849127.0,294361849205.0,78.0
,294361849289.0,294361849361.0,72.0
,294361849445.0,294361850297.0,852.0
,294361850441.0,294361850584.0,143.0
,294361850676.0,294361850769.0,93.0
,294361850815.0,294361850918.0,103.0
g.h.gV,294361852509.0,294361852920.0,411.0
g.h.gV,294361853081.0,294361857745.0,4664.0
,294361857866.0,294361857877.0,11.0
g.h.fI,294361858246.0,294361858532.0,286.0
Q$.O,294361858683.0,294361859919.0,1236.0
,294361869463.0,294361869893.0,430.0
,294361870183.0,294361870269.0,86.0
,294361870641.0,294361870686.0,45.0
,294361871126.0,294361872026.0,900.0
g.h.Ix,294361872371.0,294361872501.0,130.0
g.h.fI,294361872933.0,294361873396.0,463.0
Q$.O,294361873523.0,294361874313.0,790.0
,294361882485.0,294361883424.0,939.0
,294361883937.0,294361883962.0,25.0
g.h.fI,294361884355.0,294361884923.0,568.0
Q$.O,294361885134.0,294361885896.0,762.0
,294361893807.0,294361893902.0,95.0
,294361894168.0,294361894226.0,58.0
g.h.fI,294361897261.0,294361897665.0,404.0
Q$.O,294361897807.0,294361898381.0,574.0
g.h.eI,294361904508.0,294361904757.0,249.0
,294361905035.0,294361905057.0,22.0
g.h.fI,294361910132.0,294361910659.0,527.0
Q$.O,294361910817.0,294361911612.0,795.0
g.h.fI,294361927256.0,294361928232.0,976.0
Q$.O,294361928521.0,294361929249.0,728.0
,294361938392.0,294361938432.0,40.0
g.h.fI,294361943904.0,294361944236.0,332.0
Q$.O,294361944349.0,294361946564.0,2215.0
,294361956244.0,294361956282.0,38.0
g.h.fI,294361960227.0,294361960602.0,375.0
Q$.O,294361960741.0,294361963237.0,2496.0
,294361971799.0,294361972163.0,364.0
g.h.fI,294361976572.0,294361976927.0,355.0
Q$.O,294361977048.0,294361978038.0,990.0
,294361986620.0,294361986663.0,43.0
g.h.fI,294361993319.0,294361993665.0,346.0
Q$.O,294361993830.0,294361995399.0,1569.0
,294362004970.0,294362005059.0,89.0
g.h.fI,294362009831.0,294362010611.0,780.0
Q$.O,294362010767.0,294362011568.0,801.0
g.h.fI,294362027265.0,294362028875.0,1610.0
Q$.O,294362030579.0,294362031462.0,883.0
,294362039315.0,294362039347.0,32.0
g.h.fI,294362043604.0,294362045061.0,1457.0
Q$.O,294362045483.0,294362046790.0,1307.0
g.h.Ix,294362053488.0,294362053756.0,268.0
g.h.Ix,294362053895.0,294362053997.0,102.0
,294362054927.0,294362054950.0,23.0
g.h.fI,294362060351.0,294362060713.0,362.0
Q$.O,294362060883.0,294362062405.0,1522.0
,294362069003.0,294362069126.0,123.0
Q$.O,294362076829.0,294362079243.0,2414.0
,294362082769.0,294362082839.0,70.0
,294362082985.0,294362083259.0,274.0
,294362083367.0,294362083603.0,236.0
,294362083730.0,294362085249.0,1519.0
,294362085393.0,294362086854.0,1461.0
,294362086960.0,294362087196.0,236.0
,294362087427.0,294362087456.0,29.0
g.h.gV,294362091298.0,294362093341.0,2043.0
Q$.O,294362093731.0,294362094925.0,1194.0
,294362104165.0,294362104221.0,56.0
,294362104364.0,294362104636.0,272.0
,294362104742.0,294362104976.0,234.0
,294362105102.0,294362106581.0,1479.0
,294362106703.0,294362108143.0,1440.0
,294362108245.0,294362108614.0,369.0
,294362109019.0,294362109070.0,51.0
,294362109338.0,294362109360.0,22.0
Q$.O,294362110835.0,294362112287.0,1452.0
,294362116366.0,294362116435.0,69.0
,294362116600.0,294362116632.0,32.0
,294362116726.0,294362117059.0,333.0
_.g.uF,294362117196.0,294362117217.0,21.0
,294362117347.0,294362120438.0,3091.0
,294362120601.0,294362120793.0,192.0
,294362120924.0,294362121153.0,229.0
,294362121233.0,294362121610.0,377.0
,294362121684.0,294362121793.0,109.0
,294362121940.0,294362122069.0,129.0
,294362122173.0,294362122290.0,117.0
g.h.pQ,294362122394.0,294362128436.0,6042.0
,294362129028.0,294362129106.0,78.0
,294362129224.0,294362129346.0,122.0
,294362129733.0,294362129807.0,74.0
,294362130009.0,294362130093.0,84.0
,294362130219.0,294362130266.0,47.0
,294362130540.0,294362130573.0,33.0
,294362130682.0,294362130752.0,70.0
,294362130830.0,294362130877.0,47.0
,294362131021.0,294362131044.0,23.0
,294362131135.0,294362131204.0,69.0
,294362131308.0,294362131378.0,70.0
,294362131479.0,294362131506.0,27.0
,294362131539.0,294362131547.0,8.0
,294362131651.0,294362131668.0,17.0
,294362131710.0,294362131733.0,23.0
,294362131835.0,294362131852.0,17.0
,294362131950.0,294362131964.0,14.0
,294362131996.0,294362132004.0,8.0
,294362132084.0,294362132117.0,33.0
,294362132166.0,294362132538.0,372.0
_.g.Hu,294362132608.0,294362132767.0,159.0
,294362132921.0,294362135926.0,3005.0
,294362136073.0,294362136218.0,145.0
,294362136337.0,294362136510.0,173.0
,294362136581.0,294362136684.0,103.0
,294362136791.0,294362136885.0,94.0
,294362137045.0,294362137105.0,60.0
,294362137154.0,294362137403.0,249.0
,294362137470.0,294362137750.0,280.0
,294362137893.0,294362138596.0,703.0
,294362138711.0,294362139420.0,709.0
,294362139541.0,294362139837.0,296.0
g.h.nQ,294362146119.0,294362146537.0,418.0
,294362146838.0,294362147229.0,391.0
,294362147352.0,294362147488.0,136.0
,294362147577.0,294362147915.0,338.0
_.g.uF,294362148007.0,294362148052.0,45.0
,294362148141.0,294362150026.0,1885.0
,294362150138.0,294362150359.0,221.0
,294362150514.0,294362150924.0,410.0
,294362151043.0,294362151189.0,146.0
,294362151271.0,294362151431.0,160.0
,294362151495.0,294362151617.0,122.0
,294362151673.0,294362151760.0,87.0
,294362151871.0,294362152201.0,330.0
_.g.Hu,294362152289.0,294362152392.0,103.0
,294362152435.0,294362156160.0,3725.0
,294362156262.0,294362156358.0,96.0
,294362156416.0,294362156561.0,145.0
,294362156606.0,294362156715.0,109.0
,294362156829.0,294362156914.0,85.0
,294362157014.0,294362157411.0,397.0
,294362157476.0,294362157830.0,354.0
,294362157903.0,294362158004.0,101.0
Q$.O,294362158181.0,294362158942.0,761.0
_.g.uF,294362168195.0,294362168260.0,65.0
,294362168410.0,294362168617.0,207.0
,294362168724.0,294362168877.0,153.0
,294362168993.0,294362169268.0,275.0
,294362169378.0,294362169626.0,248.0
,294362169754.0,294362169859.0,105.0
,294362169921.0,294362170061.0,140.0
,294362170159.0,294362170271.0,112.0
_.g.Hu,294362170428.0,294362170581.0,153.0
,294362170680.0,294362170961.0,281.0
,294362171064.0,294362171157.0,93.0
,294362171262.0,294362171478.0,216.0
,294362171554.0,294362171683.0,129.0
,294362171785.0,294362171897.0,112.0
,294362172011.0,294362172502.0,491.0
,294362172569.0,294362173026.0,457.0
,294362173091.0,294362173230.0,139.0
,294362173519.0,294362173726.0,207.0
g.h.eI,294362173879.0,294362174117.0,238.0
Q$.O,294362174633.0,294362175223.0,590.0
,294362178122.0,294362178247.0,125.0
Q$.O,294362178899.0,294362179681.0,782.0
_.g.uF,294362190044.0,294362190072.0,28.0
,294362190179.0,294362190457.0,278.0
,294362190683.0,294362190867.0,184.0
,294362191223.0,294362191439.0,216.0
,294362191533.0,294362191712.0,179.0
,294362191820.0,294362191965.0,145.0
,294362192053.0,294362192227.0,174.0
,294362192331.0,294362192414.0,83.0
_.g.Hu,294362192514.0,294362192580.0,66.0
,294362192639.0,294362192841.0,202.0
,294362192899.0,294362193081.0,182.0
,294362193166.0,294362193394.0,228.0
,294362193464.0,294362193586.0,122.0
,294362193664.0,294362193777.0,113.0
,294362193901.0,294362194523.0,622.0
,294362194613.0,294362195198.0,585.0
,294362195311.0,294362195535.0,224.0
,294362195877.0,294362195900.0,23.0
,294362196094.0,294362196120.0,26.0
Q$.O,294362196415.0,294362197470.0,1055.0
_.g.uF,294362209801.0,294362209842.0,41.0
,294362209980.0,294362210256.0,276.0
,294362210372.0,294362210534.0,162.0
,294362210628.0,294362210909.0,281.0
,294362211005.0,294362211134.0,129.0
,294362211253.0,294362211422.0,169.0
,294362211548.0,294362211746.0,198.0
,294362211839.0,294362211956.0,117.0
_.g.Hu,294362212148.0,294362212353.0,205.0
,294362212500.0,294362212773.0,273.0
,294362212873.0,294362212961.0,88.0
,294362213033.0,294362213221.0,188.0
,294362213323.0,294362213577.0,254.0
,294362213651.0,294362213876.0,225.0
,294362214081.0,294362215205.0,1124.0
,294362215329.0,294362215831.0,502.0
,294362215929.0,294362216093.0,164.0
,294362219638.0,294362219665.0,27.0
_.g.uF,294362220813.0,294362220838.0,25.0
,294362220926.0,294362221614.0,688.0
,294362221703.0,294362221968.0,265.0
,294362222155.0,294362222318.0,163.0
,294362222382.0,294362222538.0,156.0
,294362222664.0,294362222796.0,132.0
,294362222909.0,294362223032.0,123.0
,294362223095.0,294362223180.0,85.0
_.g.Hu,294362223297.0,294362223431.0,134.0
,294362223500.0,294362223698.0,198.0
,294362223768.0,294362223847.0,79.0
,294362223887.0,294362224298.0,411.0
,294362224352.0,294362224489.0,137.0
,294362224529.0,294362224612.0,83.0
,294362224704.0,294362225129.0,425.0
,294362225183.0,294362225555.0,372.0
,294362225608.0,294362226085.0,477.0
Q$.O,294362226262.0,294362226886.0,624.0
_.g.uF,294362240294.0,294362240334.0,40.0
,294362240504.0,294362241811.0,1307.0
,294362241923.0,294362242086.0,163.0
,294362242170.0,294362242497.0,327.0
,294362242567.0,294362242673.0,106.0
,294362242750.0,294362242818.0,68.0
,294362242873.0,294362242985.0,112.0
,294362243045.0,294362243217.0,172.0
_.g.Hu,294362243345.0,294362243439.0,94.0
,294362243536.0,294362244171.0,635.0
,294362244257.0,294362244363.0,106.0
,294362244419.0,294362244561.0,142.0
,294362244631.0,294362244701.0,70.0
,294362244759.0,294362244818.0,59.0
,294362244923.0,294362245337.0,414.0
,294362245393.0,294362245772.0,379.0
,294362245829.0,294362246041.0,212.0
_.g.uF,294362251487.0,294362251514.0,27.0
,294362251646.0,294362251844.0,198.0
,294362251951.0,294362252039.0,88.0
,294362252115.0,294362252257.0,142.0
,294362252313.0,294362252446.0,133.0
,294362252579.0,294362252705.0,126.0
,294362252755.0,294362252886.0,131.0
,294362252937.0,294362253028.0,91.0
_.g.Hu,294362253110.0,294362253188.0,78.0
,294362253235.0,294362253383.0,148.0
,294362253445.0,294362253516.0,71.0
,294362253558.0,294362253681.0,123.0
,294362253730.0,294362253811.0,81.0
,294362253873.0,294362254020.0,147.0
,294362254137.0,294362254826.0,689.0
,294362254919.0,294362255403.0,484.0
,294362255482.0,294362255614.0,132.0
Q$.O,294362255854.0,294362256406.0,552.0
,294362264472.0,294362264526.0,54.0
_.g.uF,294362270154.0,294362270196.0,42.0
,294362270333.0,294362271636.0,1303.0
,294362271761.0,294362271883.0,122.0
,294362271953.0,294362272118.0,165.0
,294362272182.0,294362272271.0,89.0
,294362272326.0,294362272401.0,75.0
,294362272454.0,294362272570.0,116.0
,294362272623.0,294362272710.0,87.0
_.g.Hu,294362272816.0,294362272902.0,86.0
,294362272979.0,294362273216.0,237.0
,294362273346.0,294362273498.0,152.0
,294362273559.0,294362273698.0,139.0
,294362273760.0,294362273836.0,76.0
,294362273890.0,294362273965.0,75.0
,294362274063.0,294362274628.0,565.0
,294362274723.0,294362275379.0,656.0
,294362275478.0,294362275642.0,164.0
Q$.O,294362276005.0,294362276624.0,619.0
,294362281784.0,294362282094.0,310.0
,294362287457.0,294362287639.0,182.0
,294362288890.0,294362289993.0,1103.0
,294362290110.0,294362291209.0,1099.0
,294362291300.0,294362291452.0,152.0
Q$.O,294362291656.0,294362292348.0,692.0
,294362297310.0,294362297356.0,46.0
,294362304000.0,294362305405.0,1405.0
,294362305558.0,294362307760.0,2202.0
,294362307889.0,294362308092.0,203.0
Q$.O,294362308308.0,294362308965.0,657.0
u.K,294362313047.0,294362313804.0,757.0
,294362313943.0,294362314108.0,165.0
,294362314351.0,294362314395.0,44.0
Q$.O,294362318477.0,294362319167.0,690.0
,294362322709.0,294362322738.0,29.0
,294362323063.0,294362323195.0,132.0
,294362323686.0,294362324047.0,361.0
Q$.O,294362327494.0,294362329280.0,1786.0
,294362340662.0,294362340932.0,270.0
g.h.gV,294362342894.0,294362344162.0,1268.0
Q$.O,294362344797.0,294362346139.0,1342.0
,294362356149.0,294362356247.0,98.0
,294362356583.0,294362356621.0,38.0
Q$.O,294362361357.0,294362362725.0,1368.0
,294362367364.0,294362367473.0,109.0
Q$.O,294362378407.0,294362380100.0,1693.0
,294362383264.0,294362383297.0,33.0
Q$.O,294362394890.0,294362396198.0,1308.0
,294362405084.0,294362405139.0,55.0
Q$.O,294362411489.0,294362412971.0,1482.0
g.h.eI,294362424315.0,294362424805.0,490.0
Q$.O,294362427904.0,294362429218.0,1314.0
,294362433308.0,294362433404.0,96.0
,294362441265.0,294362441562.0,297.0
u.K,294362442781.0,294362443530.0,749.0
Q$.O,294362445265.0,294362446564.0,1299.0
,294362449494.0,294362449904.0,410.0
,294362455133.0,294362455224.0,91.0
Q$.O,294362461274.0,294362462247.0,973.0
,294362464645.0,294362464828.0,183.0
,294362473740.0,294362474709.0,969.0
,294362474835.0,294362475801.0,966.0
,294362475895.0,294362476052.0,157.0
Q$.O,294362477778.0,294362478849.0,1071.0
,294362481548.0,294362481589.0,41.0
,294362489932.0,294362491046.0,1114.0
,294362491180.0,294362492283.0,1103.0
,294362492392.0,294362492535.0,143.0
Q$.O,294362494418.0,294362495724.0,1306.0
,294362505173.0,294362505213.0,40.0
_.g.uF,294362506963.0,294362506992.0,29.0
,294362507093.0,294362508132.0,1039.0
,294362508251.0,294362508354.0,103.0
,294362508422.0,294362508562.0,140.0
,294362508615.0,294362508716.0,101.0
,294362508766.0,294362508848.0,82.0
,294362508905.0,294362509037.0,132.0
,294362509080.0,294362509181.0,101.0
_.g.Hu,294362509276.0,294362509341.0,65.0
,294362509380.0,294362509528.0,148.0
,294362509603.0,294362509665.0,62.0
,294362509701.0,294362509906.0,205.0
,294362509958.0,294362510003.0,45.0
,294362510065.0,294362510121.0,56.0
,294362510231.0,294362510639.0,408.0
,294362510709.0,294362511065.0,356.0
,294362511155.0,294362511246.0,91.0
Q$.O,294362511990.0,294362512691.0,701.0
,294362523885.0,294362524854.0,969.0
,294362524983.0,294362525940.0,957.0
,294362526028.0,294362526177.0,149.0
Q$.O,294362527961.0,294362528789.0,828.0
,294362531247.0,294362531454.0,207.0
_.g.uF,294362541150.0,294362541187.0,37.0
,294362541345.0,294362542179.0,834.0
,294362542326.0,294362542627.0,301.0
,294362542840.0,294362543106.0,266.0
,294362543194.0,294362543462.0,268.0
,294362543647.0,294362543800.0,153.0
,294362543966.0,294362544165.0,199.0
,294362544229.0,294362544333.0,104.0
Q$.O,294362544717.0,294362545839.0,1122.0
g.h.Ix,294362554554.0,294362555103.0,549.0
g.h.Ix,294362555525.0,294362555892.0,367.0
,294362556281.0,294362556376.0,95.0
Q$.O,294362561256.0,294362562706.0,1450.0
,294362566556.0,294362566909.0,353.0
Q$.O,294362578324.0,294362579635.0,1311.0
,294362582850.0,294362582909.0,59.0
Q$.O,294362595000.0,294362596066.0,1066.0
,294362605235.0,294362605284.0,49.0
Q$.O,294362611637.0,294362612754.0,1117.0
Q$.O,294362628478.0,294362629845.0,1367.0
,294362633328.0,294362633371.0,43.0
,294362633538.0,294362633757.0,219.0
u.K,294362634789.0,294362635104.0,315.0
,294362639354.0,294362639918.0,564.0
Q$.O,294362645151.0,294362646352.0,1201.0
,294362655668.0,294362655720.0,52.0
Q$.O,294362661830.0,294362663206.0,1376.0
,294362665804.0,294362665976.0,172.0
g.h.eI,294362676098.0,294362676764.0,666.0
Q$.O,294362679680.0,294362680691.0,1011.0
,294362683975.0,294362684048.0,73.0
Q$.O,294362695632.0,294362696593.0,961.0
,294362705156.0,294362705202.0,46.0
Q$.O,294362712245.0,294362713752.0,1507.0
Q$.O,294362729644.0,294362730666.0,1022.0
,294362733968.0,294362734011.0,43.0
Q$.O,294362745778.0,294362746763.0,985.0
,294362755253.0,294362755358.0,105.0
Q$.O,294362763654.0,294362764465.0,811.0
,294362767193.0,294362767331.0,138.0
Q$.O,294362778954.0,294362780340.0,1386.0
,294362783158.0,294362783207.0,49.0
Q$.O,294362796917.0,294362797867.0,950.0
,294362805138.0,294362805193.0,55.0
,294362808354.0,294362808557.0,203.0
Q$.O,294362813156.0,294362814358.0,1202.0
Q$.O,294362829162.0,294362830285.0,1123.0
,294362833361.0,294362833407.0,46.0
g.h.gV,294362841693.0,294362843200.0,1507.0
,294362844043.0,294362844097.0,54.0
Q$.O,294362846433.0,294362847592.0,1159.0
,294362855215.0,294362855274.0,59.0
Q$.O,294362862841.0,294362864245.0,1404.0
,294362867931.0,294362868093.0,162.0
Q$.O,294362879001.0,294362880945.0,1944.0
,294362884230.0,294362884303.0,73.0
Q$.O,294362896388.0,294362897579.0,1191.0
,294362905258.0,294362905303.0,45.0
Q$.O,294362912267.0,294362913413.0,1146.0
g.h.eI,294362926904.0,294362927229.0,325.0
Q$.O,294362929068.0,294362930435.0,1367.0
,294362933263.0,294362933307.0,44.0
Q$.O,294362946331.0,294362947584.0,1253.0
,294362955215.0,294362955262.0,47.0
Q$.O,294362962735.0,294362963625.0,890.0
,294362966963.0,294362967154.0,191.0
Q$.O,294362979655.0,294362981325.0,1670.0
,294362984560.0,294362984596.0,36.0
Q$.O,294362996543.0,294362997427.0,884.0
,294363005085.0,294363005160.0,75.0
Q$.O,294363013312.0,294363014609.0,1297.0
Q$.O,294363029583.0,294363031027.0,1444.0
,294363034830.0,294363034866.0,36.0
Q$.O,294363046101.0,294363047433.0,1332.0
,294363055250.0,294363055294.0,44.0
g.h.Ix,294363055509.0,294363055955.0,446.0
g.h.Ix,294363056164.0,294363056313.0,149.0
Q$.O,294363062743.0,294363063952.0,1209.0
,294363067584.0,294363067747.0,163.0
Q$.O,294363079699.0,294363081059.0,1360.0
,294363083980.0,294363084013.0,33.0
,294363091918.0,294363092326.0,408.0
Q$.O,294363096388.0,294363097949.0,1561.0
,294363105348.0,294363105429.0,81.0
Q$.O,294363113565.0,294363114480.0,915.0
Q$.O,294363130328.0,294363131445.0,1117.0
,294363134192.0,294363134225.0,33.0
Q$.O,294363146582.0,294363147464.0,882.0
,294363155129.0,294363155166.0,37.0
Q$.O,294363163664.0,294363164551.0,887.0
,294363169278.0,294363169441.0,163.0
g.h.eI,294363177533.0,294363178062.0,529.0
Q$.O,294363180376.0,294363182013.0,1637.0
,294363185406.0,294363185467.0,61.0
,294363185762.0,294363185790.0,28.0
,294363205187.0,294363205250.0,63.0
Q$.O,294363213778.0,294363214459.0,681.0
Q$.O,294363229654.0,294363230353.0,699.0
,294363233024.0,294363233063.0,39.0
Q$.O,294363247271.0,294363248149.0,878.0
,294363285022.0,294363285050.0,28.0
,294363285191.0,294363285287.0,96.0
Q$.O,294363297799.0,294363299692.0,1893.0
,294363308303.0,294363308367.0,64.0
,294363308767.0,294363308860.0,93.0
,294363312457.0,294363314008.0,1551.0
Q$.O,294363314675.0,294363315557.0,882.0
,294363330123.0,294363330190.0,67.0
Q$.O,294363330498.0,294363331121.0,623.0
c.onload.c.onerror,294363337554.0,294363337573.0,19.0
g.h.gV,294363341076.0,294363342487.0,1411.0
,294363343338.0,294363343379.0,41.0
Q$.O,294363347181.0,294363348207.0,1026.0
,294363355095.0,294363355154.0,59.0
Q$.O,294363363695.0,294363364535.0,840.0
,294363367062.0,294363367192.0,130.0
,294363380475.0,294363380530.0,55.0
Q$.O,294363380817.0,294363381435.0,618.0
Q$.O,294363397170.0,294363398134.0,964.0
,294363405206.0,294363405270.0,64.0
Q$.O,294363413693.0,294363414783.0,1090.0
g.h.eI,294363428417.0,294363429171.0,754.0
,294363430252.0,294363430431.0,179.0
Q$.O,294363430856.0,294363431801.0,945.0
Q$.O,294363447311.0,294363448578.0,1267.0
,294363455268.0,294363455318.0,50.0
Q$.O,294363463868.0,294363464953.0,1085.0
,294363467833.0,294363468025.0,192.0
Q$.O,294363480829.0,294363481777.0,948.0
,294363484678.0,294363484753.0,75.0
Q$.O,294363498260.0,294363499522.0,1262.0
,294363502240.0,294363502336.0,96.0
,294363505051.0,294363505083.0,32.0
Q$.O,294363514490.0,294363515796.0,1306.0
,294363530764.0,294363531037.0,273.0
Q$.O,294363531538.0,294363532233.0,695.0
Q$.O,294363548441.0,294363549305.0,864.0
,294363555084.0,294363555136.0,52.0
g.h.Ix,294363556096.0,294363556488.0,392.0
g.h.Ix,294363556647.0,294363556762.0,115.0
Q$.O,294363564151.0,294363564853.0,702.0
,294363567463.0,294363567633.0,170.0
,294363580429.0,294363580502.0,73.0
Q$.O,294363580977.0,294363581755.0,778.0
g.h.gV,294363591241.0,294363592425.0,1184.0
,294363593370.0,294363593462.0,92.0
Q$.O,294363597364.0,294363597995.0,631.0
,294363605344.0,294363605474.0,130.0
Q$.O,294363614348.0,294363615117.0,769.0
,294363630079.0,294363630138.0,59.0
Q$.O,294363631557.0,294363632408.0,851.0
Q$.O,294363648965.0,294363649733.0,768.0
,294363655033.0,294363655101.0,68.0
,294363664570.0,294363664712.0,142.0
Q$.O,294363665066.0,294363665734.0,668.0
g.h.eI,294363679112.0,294363679357.0,245.0
,294363680094.0,294363680116.0,22.0
Q$.O,294363680958.0,294363681627.0,669.0
Q$.O,294363698361.0,294363700322.0,1961.0
,294363704961.0,294363705012.0,51.0
Q$.O,294363715301.0,294363716459.0,1158.0
,294363730759.0,294363730861.0,102.0
Q$.O,294363731395.0,294363732232.0,837.0
Q$.O,294363747986.0,294363748829.0,843.0
,294363755195.0,294363755258.0,63.0
,294363764218.0,294363764397.0,179.0
Q$.O,294363765191.0,294363766149.0,958.0
,294363780919.0,294363780979.0,60.0
Q$.O,294363781831.0,294363782558.0,727.0
Q$.O,294363799215.0,294363799829.0,614.0
,294363805128.0,294363805160.0,32.0
,294363808552.0,294363808752.0,200.0
Q$.O,294363814780.0,294363815968.0,1188.0
,294363831374.0,294363831422.0,48.0
Q$.O,294363832088.0,294363832939.0,851.0
g.h.gV,294363841403.0,294363842505.0,1102.0
,294363843466.0,294363843526.0,60.0
Q$.O,294363848219.0,294363849111.0,892.0
,294363855151.0,294363855212.0,61.0
,294363864787.0,294363864986.0,199.0
Q$.O,294363865669.0,294363866673.0,1004.0
,294363880978.0,294363881050.0,72.0
Q$.O,294363881706.0,294363882661.0,955.0
Q$.O,294363898490.0,294363899362.0,872.0
,294363905199.0,294363905294.0,95.0
Q$.O,294363915058.0,294363916079.0,1021.0
g.h.eI,294363930447.0,294363930800.0,353.0
,294363931179.0,294363931220.0,41.0
Q$.O,294363931866.0,294363932728.0,862.0
Q$.O,294363948675.0,294363949677.0,1002.0
,294363955118.0,294363955178.0,60.0
,294363964978.0,294363965166.0,188.0
Q$.O,294363965683.0,294363966341.0,658.0
,294363980150.0,294363980224.0,74.0
Q$.O,294363981936.0,294363982625.0,689.0
Q$.O,294363998526.0,294363999451.0,925.0
,294364002052.0,294364002514.0,462.0
,294364005110.0,294364005155.0,45.0
Q$.O,294364015832.0,294364016789.0,957.0
,294364031505.0,294364031562.0,57.0
Q$.O,294364032081.0,294364032817.0,736.0
Q$.O,294364049704.0,294364050433.0,729.0
,294364055048.0,294364055114.0,66.0
g.h.Ix,294364056601.0,294364056881.0,280.0
g.h.Ix,294364057081.0,294364057205.0,124.0
,294364065500.0,294364065692.0,192.0
Q$.O,294364066387.0,294364067286.0,899.0
,294364080284.0,294364080328.0,44.0
Q$.O,294364082206.0,294364083091.0,885.0
Q$.O,294364098884.0,294364099860.0,976.0
,294364105095.0,294364105138.0,43.0
Q$.O,294364115615.0,294364116559.0,944.0
,294364130098.0,294364130150.0,52.0
Q$.O,294364132379.0,294364133223.0,844.0
Q$.O,294364149013.0,294364149944.0,931.0
,294364155229.0,294364155306.0,77.0
,294364165532.0,294364165717.0,185.0
Q$.O,294364166175.0,294364166939.0,764.0
,294364180423.0,294364180467.0,44.0
,294364180669.0,294364180721.0,52.0
g.h.eI,294364180905.0,294364181220.0,315.0
Q$.O,294364182933.0,294364183937.0,1004.0
Q$.O,294364199287.0,294364200352.0,1065.0
,294364204944.0,294364204979.0,35.0
Q$.O,294364215927.0,294364216820.0,893.0
,294364230217.0,294364230264.0,47.0
Q$.O,294364232483.0,294364233419.0,936.0
Q$.O,294364249717.0,294364250713.0,996.0
,294364254988.0,294364255028.0,40.0
,294364265723.0,294364265948.0,225.0
Q$.O,294364266455.0,294364267151.0,696.0
,294364281083.0,294364281147.0,64.0
Q$.O,294364282939.0,294364283520.0,581.0
Q$.O,294364300151.0,294364301231.0,1080.0
,294364305105.0,294364305146.0,41.0
,294364308365.0,294364308458.0,93.0
Q$.O,294364316184.0,294364317280.0,1096.0
,294364330221.0,294364330286.0,65.0
Q$.O,294364333048.0,294364333804.0,756.0
g.h.gV,294364341671.0,294364342772.0,1101.0
,294364342946.0,294364343173.0,227.0
,294364343756.0,294364343802.0,46.0
Q$.O,294364349622.0,294364350598.0,976.0
,294364355185.0,294364355227.0,42.0
,294364364205.0,294364364380.0,175.0
Q$.O,294364366343.0,294364367236.0,893.0
,294364381154.0,294364381199.0,45.0
Q$.O,294364383614.0,294364384640.0,1026.0
Q$.O,294364399623.0,294364400443.0,820.0
,294364405064.0,294364405102.0,38.0
Q$.O,294364416342.0,294364417314.0,972.0
,294364432086.0,294364432150.0,64.0
g.h.eI,294364432537.0,294364432954.0,417.0
Q$.O,294364433217.0,294364433935.0,718.0
Q$.O,294364450600.0,294364451349.0,749.0
,294364455180.0,294364455221.0,41.0
,294364464929.0,294364465095.0,166.0
,294364465316.0,294364465593.0,277.0
,294364465860.0,294364466127.0,267.0
Q$.O,294364467679.0,294364468510.0,831.0
,294364480235.0,294364480277.0,42.0
Q$.O,294364483272.0,294364484280.0,1008.0
Q$.O,294364499895.0,294364500650.0,755.0
,294364505048.0,294364505089.0,41.0
Q$.O,294364516678.0,294364517730.0,1052.0
,294364530237.0,294364530290.0,53.0
Q$.O,294364533422.0,294364534344.0,922.0
Q$.O,294364550367.0,294364551270.0,903.0
,294364555093.0,294364555142.0,49.0
g.h.Ix,294364557001.0,294364557301.0,300.0
g.h.Ix,294364557464.0,294364557592.0,128.0
,294364564184.0,294364564329.0,145.0
Q$.O,294364567251.0,294364568167.0,916.0
,294364580245.0,294364580289.0,44.0
Q$.O,294364584190.0,294364584821.0,631.0
Q$.O,294364600469.0,294364601604.0,1135.0
,294364605020.0,294364605061.0,41.0
Q$.O,294364617138.0,294364618066.0,928.0
,294364630189.0,294364630234.0,45.0
Q$.O,294364633621.0,294364634526.0,905.0
Q$.O,294364651123.0,294364652089.0,966.0
,294364655040.0,294364655076.0,36.0
,294364664215.0,294364664394.0,179.0
Q$.O,294364667081.0,294364668204.0,1123.0
,294364680209.0,294364680337.0,128.0
g.h.eI,294364683256.0,294364683814.0,558.0
Q$.O,294364684142.0,294364685124.0,982.0
Q$.O,294364701113.0,294364702204.0,1091.0
,294364705040.0,294364705097.0,57.0
Q$.O,294364717266.0,294364718466.0,1200.0
,294364730188.0,294364730234.0,46.0
Q$.O,294364734630.0,294364735437.0,807.0
Q$.O,294364751349.0,294364752427.0,1078.0
,294364755136.0,294364755176.0,40.0
,294364765300.0,294364765501.0,201.0
Q$.O,294364767913.0,294364769565.0,1652.0
,294364780360.0,294364780407.0,47.0
Q$.O,294364784388.0,294364785206.0,818.0
Q$.O,294364802185.0,294364803035.0,850.0
,294364805509.0,294364805546.0,37.0
,294364808172.0,294364808277.0,105.0
Q$.O,294364818278.0,294364819029.0,751.0
,294364830120.0,294364830181.0,61.0
Q$.O,294364834336.0,294364835341.0,1005.0
g.h.gV,294364841059.0,294364841987.0,928.0
,294364842959.0,294364843040.0,81.0
Q$.O,294364850798.0,294364851645.0,847.0
,294364855037.0,294364855106.0,69.0
,294364864175.0,294364864354.0,179.0
Q$.O,294364868124.0,294364868974.0,850.0
,294364880197.0,294364880242.0,45.0
Q$.O,294364884729.0,294364885769.0,1040.0
Q$.O,294364901434.0,294364902386.0,952.0
,294364905085.0,294364905116.0,31.0
Q$.O,294364918047.0,294364918941.0,894.0
,294364931146.0,294364931235.0,89.0
g.h.eI,294364934085.0,294364934608.0,523.0
Q$.O,294364934953.0,294364935819.0,866.0
Q$.O,294364951256.0,294364952294.0,1038.0
,294364955032.0,294364955065.0,33.0
,294364964100.0,294364964255.0,155.0
Q$.O,294364968280.0,294364969105.0,825.0
,294364980193.0,294364980239.0,46.0
Q$.O,294364984481.0,294364985466.0,985.0
Q$.O,294365001679.0,294365002267.0,588.0
,294365005092.0,294365005136.0,44.0
Q$.O,294365018012.0,294365019098.0,1086.0
,294365030113.0,294365030157.0,44.0
Q$.O,294365034735.0,294365035572.0,837.0
Q$.O,294365052217.0,294365053036.0,819.0
,294365055159.0,294365055189.0,30.0
g.h.Ix,294365057368.0,294365057607.0,239.0
g.h.Ix,294365057741.0,294365057819.0,78.0
,294365064109.0,294365064244.0,135.0
Q$.O,294365068605.0,294365069297.0,692.0
,294365080152.0,294365080197.0,45.0
Q$.O,294365084988.0,294365085667.0,679.0
g.h.gV,294365091116.0,294365092029.0,913.0
,294365093044.0,294365093085.0,41.0
Q$.O,294365101692.0,294365102659.0,967.0
,294365105222.0,294365105253.0,31.0
Q$.O,294365118399.0,294365119433.0,1034.0
,294365130168.0,294365130212.0,44.0
Q$.O,294365135900.0,294365136755.0,855.0
Q$.O,294365152431.0,294365153254.0,823.0
,294365155817.0,294365155856.0,39.0
,294365164178.0,294365164351.0,173.0
Q$.O,294365168804.0,294365170246.0,1442.0
,294365180119.0,294365180165.0,46.0
,294365180367.0,294365180417.0,50.0
g.h.eI,294365184882.0,294365185238.0,356.0
Q$.O,294365185564.0,294365186131.0,567.0
Q$.O,294365202046.0,294365203053.0,1007.0
,294365205371.0,294365205416.0,45.0
Q$.O,294365218982.0,294365219807.0,825.0
,294365230128.0,294365230200.0,72.0
Q$.O,294365235609.0,294365236262.0,653.0
Q$.O,294365251956.0,294365253077.0,1121.0
,294365256944.0,294365256987.0,43.0
,294365264185.0,294365264363.0,178.0
Q$.O,294365269382.0,294365270366.0,984.0
,294365280424.0,294365280470.0,46.0
Q$.O,294365285498.0,294365286289.0,791.0
Q$.O,294365303663.0,294365304398.0,735.0
,294365306861.0,294365306897.0,36.0
,294365308227.0,294365308381.0,154.0
Q$.O,294365319537.0,294365320231.0,694.0
,294365330223.0,294365330276.0,53.0
Q$.O,294365335627.0,294365336590.0,963.0
g.h.gV,294365341367.0,294365342254.0,887.0
,294365343158.0,294365343222.0,64.0
Q$.O,294365352720.0,294365353639.0,919.0
,294365356288.0,294365356335.0,47.0
,294365364231.0,294365364424.0,193.0
Q$.O,294365369039.0,294365369843.0,804.0
,294365380224.0,294365380276.0,52.0
Q$.O,294365386091.0,294365386935.0,844.0
Q$.O,294365402792.0,294365403780.0,988.0
,294365406161.0,294365406190.0,29.0
Q$.O,294365419650.0,294365420546.0,896.0
,294365430163.0,294365430218.0,55.0
g.h.eI,294365435554.0,294365435973.0,419.0
Q$.O,294365436392.0,294365437268.0,876.0
Q$.O,294365453358.0,294365454293.0,935.0
,294365456723.0,294365456765.0,42.0
,294365465267.0,294365465538.0,271.0
Q$.O,294365469059.0,294365470092.0,1033.0
,294365480292.0,294365480334.0,42.0
Q$.O,294365486434.0,294365487349.0,915.0
Q$.O,294365502700.0,294365503836.0,1136.0
,294365506112.0,294365506151.0,39.0
Q$.O,294365519832.0,294365520535.0,703.0
,294365530069.0,294365530112.0,43.0
Q$.O,294365536124.0,294365536888.0,764.0
Q$.O,294365552760.0,294365553828.0,1068.0
,294365556583.0,294365556626.0,43.0
g.h.Ix,294365557731.0,294365558230.0,499.0
g.h.Ix,294365558539.0,294365558696.0,157.0
,294365564284.0,294365564452.0,168.0
Q$.O,294365570320.0,294365571591.0,1271.0
,294365580142.0,294365580211.0,69.0
Q$.O,294365586282.0,294365587047.0,765.0
Q$.O,294365603736.0,294365604560.0,824.0
,294365606916.0,294365606948.0,32.0
Q$.O,294365619757.0,294365620792.0,1035.0
,294365630076.0,294365630119.0,43.0
Q$.O,294365636326.0,294365637392.0,1066.0
Q$.O,294365653532.0,294365654554.0,1022.0
,294365656664.0,294365656693.0,29.0
,294365664092.0,294365664246.0,154.0
Q$.O,294365670375.0,294365671252.0,877.0
,294365680240.0,294365680284.0,44.0
Q$.O,294365686554.0,294365687558.0,1004.0
g.h.eI,294365689833.0,294365690054.0,221.0
Q$.O,294365703308.0,294365704427.0,1119.0
,294365707342.0,294365707372.0,30.0
Q$.O,294365720139.0,294365721298.0,1159.0
,294365730094.0,294365730139.0,45.0
Q$.O,294365736567.0,294365737557.0,990.0
Q$.O,294365753394.0,294365754141.0,747.0
,294365756643.0,294365756690.0,47.0
,294365764294.0,294365764479.0,185.0
Q$.O,294365770061.0,294365771059.0,998.0
,294365780300.0,294365780366.0,66.0
Q$.O,294365786719.0,294365787723.0,1004.0
Q$.O,294365803847.0,294365804643.0,796.0
,294365807137.0,294365807169.0,32.0
,294365808272.0,294365808409.0,137.0
Q$.O,294365821036.0,294365822141.0,1105.0
,294365830161.0,294365830203.0,42.0
Q$.O,294365837001.0,294365838051.0,1050.0
g.h.gV,294365841126.0,294365842290.0,1164.0
,294365842667.0,294365842990.0,323.0
,294365843246.0,294365843285.0,39.0
Q$.O,294365853632.0,294365854482.0,850.0
,294365857421.0,294365857451.0,30.0
,294365864211.0,294365864358.0,147.0
Q$.O,294365870344.0,294365871044.0,700.0
,294365880169.0,294365880214.0,45.0
Q$.O,294365887060.0,294365888135.0,1075.0
Q$.O,294365904336.0,294365905292.0,956.0
,294365907719.0,294365907749.0,30.0
Q$.O,294365921257.0,294365922127.0,870.0
,294365930184.0,294365930227.0,43.0
Q$.O,294365937951.0,294365938599.0,648.0
g.h.eI,294365940976.0,294365941195.0,219.0
Q$.O,294365953893.0,294365954679.0,786.0
,294365957026.0,294365957079.0,53.0
,294365964270.0,294365964432.0,162.0
Q$.O,294365970963.0,294365971828.0,865.0
,294365980281.0,294365980325.0,44.0
Q$.O,294365987409.0,294365988342.0,933.0
Q$.O,294366003975.0,294366004977.0,1002.0
,294366007471.0,294366007509.0,38.0
Q$.O,294366020908.0,294366021719.0,811.0
,294366030202.0,294366030256.0,54.0
Q$.O,294366037355.0,294366038304.0,949.0
Q$.O,294366054518.0,294366055283.0,765.0
,294366057621.0,294366057652.0,31.0
g.h.Ix,294366058377.0,294366058626.0,249.0
g.h.Ix,294366058834.0,294366058996.0,162.0
,294366064118.0,294366064279.0,161.0
Q$.O,294366070804.0,294366071673.0,869.0
,294366080199.0,294366080270.0,71.0
Q$.O,294366087433.0,294366088199.0,766.0
Q$.O,294366104163.0,294366105138.0,975.0
,294366108317.0,294366108352.0,35.0
Q$.O,294366121899.0,294366122964.0,1065.0
,294366130196.0,294366130239.0,43.0
Q$.O,294366137502.0,294366138275.0,773.0
Q$.O,294366155158.0,294366156042.0,884.0
,294366158385.0,294366158423.0,38.0
,294366164200.0,294366164373.0,173.0
Q$.O,294366171038.0,294366171974.0,936.0
,294366180274.0,294366180320.0,46.0
,294366180525.0,294366180559.0,34.0
Q$.O,294366187882.0,294366188754.0,872.0
g.h.eI,294366191316.0,294366191565.0,249.0
Q$.O,294366204663.0,294366205610.0,947.0
,294366207965.0,294366208006.0,41.0
Q$.O,294366221395.0,294366222270.0,875.0
,294366230087.0,294366230131.0,44.0
Q$.O,294366237874.0,294366238761.0,887.0
,294366255551.0,294366255645.0,94.0
Q$.O,294366256007.0,294366256704.0,697.0
,294366264189.0,294366264351.0,162.0
Q$.O,294366271167.0,294366271936.0,769.0
,294366280138.0,294366280196.0,58.0
Q$.O,294366288145.0,294366289189.0,1044.0
Q$.O,294366305577.0,294366306401.0,824.0
,294366308607.0,294366308636.0,29.0
,294366308783.0,294366308878.0,95.0
Q$.O,294366322529.0,294366323224.0,695.0
,294366330161.0,294366330226.0,65.0
Q$.O,294366338918.0,294366339817.0,899.0
,294366342432.0,294366342641.0,209.0
g.h.gV,294366342968.0,294366343948.0,980.0
u.K,294366344199.0,294366344263.0,64.0
,294366344758.0,294366344799.0,41.0
Q$.O,294366355111.0,294366355877.0,766.0
,294366358486.0,294366358529.0,43.0
,294366364223.0,294366364399.0,176.0
Q$.O,294366372142.0,294366372924.0,782.0
,294366380262.0,294366380310.0,48.0
Q$.O,294366388213.0,294366389178.0,965.0
,294366405201.0,294366405256.0,55.0
Q$.O,294366405865.0,294366406780.0,915.0
Q$.O,294366421687.0,294366422390.0,703.0
,294366430273.0,294366430318.0,45.0
Q$.O,294366438333.0,294366439127.0,794.0
g.h.eI,294366441804.0,294366442051.0,247.0
Q$.O,294366455565.0,294366456427.0,862.0
,294366458652.0,294366458695.0,43.0
,294366464226.0,294366464395.0,169.0
Q$.O,294366471894.0,294366472727.0,833.0
,294366480218.0,294366480278.0,60.0
Q$.O,294366488700.0,294366489320.0,620.0
,294366505150.0,294366505210.0,60.0
Q$.O,294366505562.0,294366506443.0,881.0
Q$.O,294366522495.0,294366523343.0,848.0
,294366530230.0,294366530275.0,45.0
Q$.O,294366539141.0,294366540151.0,1010.0
Q$.O,294366555820.0,294366557193.0,1373.0
,294366559245.0,294366559278.0,33.0
g.h.Ix,294366559434.0,294366559678.0,244.0
g.h.Ix,294366559840.0,294366559955.0,115.0
,294366564127.0,294366564275.0,148.0
Q$.O,294366572161.0,294366573013.0,852.0
,294366580253.0,294366580288.0,35.0
Q$.O,294366589056.0,294366590092.0,1036.0
g.h.gV,294366592547.0,294366593477.0,930.0
,294366594299.0,294366594362.0,63.0
,294366605357.0,294366605405.0,48.0
Q$.O,294366606288.0,294366607094.0,806.0
Q$.O,294366622936.0,294366623939.0,1003.0
,294366630436.0,294366630489.0,53.0
Q$.O,294366639154.0,294366639929.0,775.0
Q$.O,294366655570.0,294366656471.0,901.0
,294366659012.0,294366659050.0,38.0
,294366664230.0,294366664406.0,176.0
Q$.O,294366673579.0,294366674555.0,976.0
,294366680138.0,294366680182.0,44.0
Q$.O,294366689659.0,294366690697.0,1038.0
g.h.eI,294366693043.0,294366693335.0,292.0
,294366705212.0,294366705266.0,54.0
Q$.O,294366705866.0,294366706781.0,915.0
Q$.O,294366723030.0,294366723743.0,713.0
,294366730298.0,294366730342.0,44.0
Q$.O,294366740114.0,294366741003.0,889.0
,294366755798.0,294366755865.0,67.0
Q$.O,294366756428.0,294366757349.0,921.0
,294366764455.0,294366764573.0,118.0
Q$.O,294366772709.0,294366774714.0,2005.0
,294366780107.0,294366780164.0,57.0
Q$.O,294366789753.0,294366790348.0,595.0
,294366805916.0,294366805985.0,69.0
Q$.O,294366807217.0,294366807939.0,722.0
,294366809999.0,294366810124.0,125.0
Q$.O,294366822767.0,294366823698.0,931.0
,294366830208.0,294366830276.0,68.0
Q$.O,294366839641.0,294366840387.0,746.0
g.h.gV,294366843199.0,294366844278.0,1079.0
,294366845053.0,294366845103.0,50.0
,294366855568.0,294366855618.0,50.0
Q$.O,294366856495.0,294366857351.0,856.0
,294366864229.0,294366864367.0,138.0
Q$.O,294366873353.0,294366874017.0,664.0
,294366880123.0,294366880164.0,41.0
Q$.O,294366889599.0,294366890501.0,902.0
Q$.O,294366906295.0,294366907367.0,1072.0
,294366910068.0,294366910118.0,50.0
Q$.O,294366923051.0,294366923858.0,807.0
,294366930186.0,294366930265.0,79.0
Q$.O,294366939685.0,294366940516.0,831.0
g.h.eI,294366943473.0,294366943847.0,374.0
,294366955918.0,294366955968.0,50.0
Q$.O,294366956523.0,294366957414.0,891.0
,294366964330.0,294366964510.0,180.0
Q$.O,294366973561.0,294366974223.0,662.0
,294366980135.0,294366980182.0,47.0
Q$.O,294366989866.0,294366990956.0,1090.0
,294367005976.0,294367006038.0,62.0
Q$.O,294367006585.0,294367007679.0,1094.0
Q$.O,294367023772.0,294367024760.0,988.0
,294367030259.0,294367030304.0,45.0
Q$.O,294367040542.0,294367041494.0,952.0
Q$.O,294367056915.0,294367057926.0,1011.0
,294367060379.0,294367060415.0,36.0
g.h.Ix,294367060587.0,294367060834.0,247.0
g.h.Ix,294367061015.0,294367061126.0,111.0
,294367064160.0,294367064312.0,152.0
Q$.O,294367073619.0,294367074466.0,847.0
,294367080076.0,294367080110.0,34.0
Q$.O,294367090858.0,294367091979.0,1121.0
g.h.gV,294367094564.0,294367095533.0,969.0
,294367096513.0,294367096571.0,58.0
,294367106357.0,294367106431.0,74.0
Q$.O,294367106846.0,294367107796.0,950.0
Q$.O,294367123717.0,294367124525.0,808.0
,294367130217.0,294367130247.0,30.0
Q$.O,294367140265.0,294367141236.0,971.0
,294367157178.0,294367157250.0,72.0
Q$.O,294367157985.0,294367158633.0,648.0
,294367164259.0,294367164430.0,171.0
Q$.O,294367173961.0,294367175054.0,1093.0
,294367180083.0,294367180117.0,34.0
,294367180395.0,294367180419.0,24.0
Q$.O,294367190993.0,294367192016.0,1023.0
g.h.eI,294367194378.0,294367194627.0,249.0
,294367206803.0,294367206862.0,59.0
Q$.O,294367207806.0,294367208519.0,713.0
Q$.O,294367224822.0,294367225666.0,844.0
,294367230117.0,294367230157.0,40.0
Q$.O,294367240627.0,294367241283.0,656.0
,294367255413.0,294367255458.0,45.0
Q$.O,294367257442.0,294367258462.0,1020.0
,294367264244.0,294367264396.0,152.0
Q$.O,294367273882.0,294367274479.0,597.0
,294367280196.0,294367280235.0,39.0
Q$.O,294367291289.0,294367292245.0,956.0
,294367305133.0,294367305189.0,56.0
Q$.O,294367307496.0,294367308418.0,922.0
,294367311063.0,294367311182.0,119.0
Q$.O,294367324890.0,294367325881.0,991.0
,294367330136.0,294367330189.0,53.0
Q$.O,294367341776.0,294367342385.0,609.0
,294367344639.0,294367344983.0,344.0
g.h.gV,294367345276.0,294367346456.0,1180.0
,294367347318.0,294367347372.0,54.0
,294367355631.0,294367355673.0,42.0
Q$.O,294367358545.0,294367359550.0,1005.0
,294367363999.0,294367364133.0,134.0
Q$.O,294367374279.0,294367375157.0,878.0
,294367380124.0,294367380160.0,36.0
Q$.O,294367391034.0,294367392014.0,980.0
,294367405300.0,294367405347.0,47.0
Q$.O,294367407531.0,294367408432.0,901.0
Q$.O,294367424482.0,294367425569.0,1087.0
,294367430087.0,294367430128.0,41.0
Q$.O,294367441277.0,294367442277.0,1000.0
g.h.eI,294367444728.0,294367445014.0,286.0
,294367455894.0,294367455943.0,49.0
Q$.O,294367458362.0,294367459082.0,720.0
,294367464071.0,294367464204.0,133.0
Q$.O,294367475107.0,294367476135.0,1028.0
,294367480208.0,294367480246.0,38.0
Q$.O,294367491342.0,294367492302.0,960.0
,294367505182.0,294367505227.0,45.0
Q$.O,294367508209.0,294367509284.0,1075.0
Q$.O,294367524787.0,294367525589.0,802.0
,294367530140.0,294367530172.0,32.0
Q$.O,294367541441.0,294367542323.0,882.0
,294367556357.0,294367556406.0,49.0
Q$.O,294367558201.0,294367559223.0,1022.0
g.h.Ix,294367561847.0,294367562062.0,215.0
g.h.Ix,294367562334.0,294367562460.0,126.0
,294367564140.0,294367564255.0,115.0
Q$.O,294367575028.0,294367575958.0,930.0
,294367580262.0,294367580295.0,33.0
Q$.O,294367591600.0,294367592980.0,1380.0
g.h.gV,294367595715.0,294367596938.0,1223.0
,294367597539.0,294367597588.0,49.0
,294367605119.0,294367605153.0,34.0
Q$.O,294367609175.0,294367609929.0,754.0
Q$.O,294367625467.0,294367626422.0,955.0
,294367630198.0,294367630288.0,90.0
Q$.O,294367641749.0,294367642872.0,1123.0
,294367655258.0,294367655302.0,44.0
Q$.O,294367658634.0,294367659382.0,748.0
,294367664099.0,294367664222.0,123.0
Q$.O,294367675193.0,294367676327.0,1134.0
,294367680171.0,294367680221.0,50.0
Q$.O,294367691848.0,294367693040.0,1192.0
g.h.eI,294367695780.0,294367696100.0,320.0
,294367705830.0,294367705868.0,38.0
Q$.O,294367708448.0,294367709689.0,1241.0
Q$.O,294367725856.0,294367726943.0,1087.0
,294367730176.0,294367730230.0,54.0
Q$.O,294367742575.0,294367743455.0,880.0
,294367755222.0,294367755271.0,49.0
Q$.O,294367759596.0,294367760683.0,1087.0
,294367764298.0,294367764713.0,415.0
Q$.O,294367775405.0,294367777022.0,1617.0
,294367780430.0,294367780515.0,85.0
Q$.O,294367792220.0,294367793116.0,896.0
,294367805336.0,294367805386.0,50.0
,294367808555.0,294367808707.0,152.0
Q$.O,294367809866.0,294367810893.0,1027.0
Q$.O,294367825565.0,294367826202.0,637.0
,294367830121.0,294367830161.0,40.0
Q$.O,294367842176.0,294367843137.0,961.0
,294367856952.0,294367856998.0,46.0
Q$.O,294367859117.0,294367859948.0,831.0
,294367864109.0,294367864277.0,168.0
Q$.O,294367875628.0,294367876322.0,694.0
,294367880292.0,294367880348.0,56.0
Q$.O,294367892387.0,294367893432.0,1045.0
,294367905199.0,294367905266.0,67.0
Q$.O,294367909120.0,294367909979.0,859.0
Q$.O,294367925927.0,294367927217.0,1290.0
,294367930102.0,294367930137.0,35.0
Q$.O,294367942309.0,294367943182.0,873.0
g.h.eI,294367946151.0,294367946406.0,255.0
,294367955600.0,294367955646.0,46.0
Q$.O,294367959138.0,294367960325.0,1187.0
,294367964222.0,294367964434.0,212.0
Q$.O,294367976165.0,294367977269.0,1104.0
,294367980163.0,294367980208.0,45.0
Q$.O,294367993316.0,294367994292.0,976.0
,294368005215.0,294368005262.0,47.0
Q$.O,294368009144.0,294368010062.0,918.0
Q$.O,294368025940.0,294368026921.0,981.0
,294368030126.0,294368030179.0,53.0
Q$.O,294368042833.0,294368043782.0,949.0
,294368055285.0,294368055331.0,46.0
Q$.O,294368059534.0,294368060478.0,944.0
g.h.Ix,294368063085.0,294368063347.0,262.0
g.h.Ix,294368063506.0,294368063641.0,135.0
,294368063994.0,294368064101.0,107.0
Q$.O,294368076720.0,294368077575.0,855.0
,294368080131.0,294368080165.0,34.0
g.h.gV,294368091366.0,294368092901.0,1535.0
Q$.O,294368093201.0,294368093894.0,693.0
,294368096601.0,294368096667.0,66.0
,294368105272.0,294368105322.0,50.0
Q$.O,294368110197.0,294368111118.0,921.0
Q$.O,294368127125.0,294368128008.0,883.0
,294368130336.0,294368130368.0,32.0
Q$.O,294368143684.0,294368144619.0,935.0
,294368155182.0,294368155229.0,47.0
Q$.O,294368160120.0,294368161038.0,918.0
,294368164073.0,294368164207.0,134.0
Q$.O,294368176627.0,294368177577.0,950.0
,294368180063.0,294368180091.0,28.0
,294368180471.0,294368180497.0,26.0
Q$.O,294368193649.0,294368194554.0,905.0
g.h.eI,294368196852.0,294368197269.0,417.0
,294368205530.0,294368205576.0,46.0
Q$.O,294368210488.0,294368211489.0,1001.0
Q$.O,294368227408.0,294368228159.0,751.0
,294368230371.0,294368230402.0,31.0
Q$.O,294368243489.0,294368244263.0,774.0
,294368255294.0,294368255379.0,85.0
Q$.O,294368260166.0,294368261250.0,1084.0
,294368264042.0,294368264170.0,128.0
Q$.O,294368276580.0,294368277283.0,703.0
,294368280321.0,294368280391.0,70.0
Q$.O,294368293410.0,294368294445.0,1035.0
,294368305283.0,294368305344.0,61.0
,294368308378.0,294368308528.0,150.0
Q$.O,294368310390.0,294368311145.0,755.0
Q$.O,294368327422.0,294368328374.0,952.0
,294368330552.0,294368330590.0,38.0
g.h.gV,294368341324.0,294368342518.0,1194.0
,294368343456.0,294368343558.0,102.0
Q$.O,294368344193.0,294368345086.0,893.0
,294368347534.0,294368347853.0,319.0
,294368355119.0,294368355164.0,45.0
Q$.O,294368361703.0,294368362444.0,741.0
,294368364890.0,294368365053.0,163.0
Q$.O,294368377216.0,294368378158.0,942.0
,294368380512.0,294368380564.0,52.0
Q$.O,294368394111.0,294368394896.0,785.0
,294368405315.0,294368405362.0,47.0
Q$.O,294368411216.0,294368412216.0,1000.0
Q$.O,294368427173.0,294368428240.0,1067.0
,294368430932.0,294368430966.0,34.0
Q$.O,294368444037.0,294368445034.0,997.0
g.h.eI,294368447608.0,294368447876.0,268.0
,294368455247.0,294368455297.0,50.0
Q$.O,294368461398.0,294368462399.0,1001.0
,294368464984.0,294368465106.0,122.0
Q$.O,294368477861.0,294368478859.0,998.0
,294368481197.0,294368481236.0,39.0
Q$.O,294368494282.0,294368495181.0,899.0
,294368499377.0,294368499472.0,95.0
,294368505284.0,294368505324.0,40.0
Q$.O,294368510769.0,294368511613.0,844.0
Q$.O,294368527225.0,294368527833.0,608.0
,294368530479.0,294368530521.0,42.0
Q$.O,294368544605.0,294368545476.0,871.0
,294368555284.0,294368555332.0,48.0
Q$.O,294368561508.0,294368562611.0,1103.0
g.h.Ix,294368564837.0,294368565080.0,243.0
g.h.Ix,294368565241.0,294368565386.0,145.0
,294368565508.0,294368565590.0,82.0
Q$.O,294368577729.0,294368578762.0,1033.0
,294368581445.0,294368581477.0,32.0
Q$.O,294368594306.0,294368595251.0,945.0
,294368605302.0,294368605379.0,77.0
Q$.O,294368611270.0,294368612130.0,860.0
Q$.O,294368628110.0,294368629059.0,949.0
,294368631391.0,294368631420.0,29.0
Q$.O,294368644698.0,294368645653.0,955.0
,294368655234.0,294368655281.0,47.0
Q$.O,294368661253.0,294368662076.0,823.0
,294368664417.0,294368664554.0,137.0
Q$.O,294368677808.0,294368678581.0,773.0
,294368680963.0,294368681001.0,38.0
Q$.O,294368695286.0,294368696049.0,763.0
g.h.eI,294368698389.0,294368698676.0,287.0
,294368705114.0,294368705163.0,49.0
Q$.O,294368710982.0,294368711661.0,679.0
Q$.O,294368728556.0,294368729511.0,955.0
,294368731700.0,294368731738.0,38.0
Q$.O,294368745153.0,294368745956.0,803.0
,294368755215.0,294368755256.0,41.0
Q$.O,294368761684.0,294368762535.0,851.0
,294368765008.0,294368765154.0,146.0
Q$.O,294368778126.0,294368779587.0,1461.0
,294368782070.0,294368782120.0,50.0
Q$.O,294368794716.0,294368795429.0,713.0
,294368805165.0,294368805226.0,61.0
,294368808921.0,294368809150.0,229.0
Q$.O,294368812162.0,294368812906.0,744.0
Q$.O,294368828106.0,294368828785.0,679.0
,294368831050.0,294368831099.0,49.0
,294368842258.0,294368842428.0,170.0
g.h.gV,294368842667.0,294368843414.0,747.0
u.K,294368843574.0,294368843638.0,64.0
,294368846128.0,294368846197.0,69.0
Q$.O,294368846862.0,294368847504.0,642.0
,294368855338.0,294368855411.0,73.0
Q$.O,294368861725.0,294368862615.0,890.0
,294368865089.0,294368865256.0,167.0
Q$.O,294368879480.0,294368880352.0,872.0
,294368882533.0,294368882567.0,34.0
Q$.O,294368895027.0,294368895898.0,871.0
,294368905302.0,294368905346.0,44.0
Q$.O,294368911834.0,294368912750.0,916.0
Q$.O,294368928567.0,294368929762.0,1195.0
,294368932423.0,294368932453.0,30.0
Q$.O,294368945801.0,294368946986.0,1185.0
g.h.eI,294368949431.0,294368949701.0,270.0
,294368955256.0,294368955305.0,49.0
Q$.O,294368961895.0,294368963111.0,1216.0
,294368965471.0,294368965578.0,107.0
Q$.O,294368978774.0,294368979675.0,901.0
,294368981842.0,294368981872.0,30.0
Q$.O,294368995451.0,294368996798.0,1347.0
,294369005334.0,294369005410.0,76.0
Q$.O,294369012943.0,294369013869.0,926.0
Q$.O,294369029617.0,294369030777.0,1160.0
,294369033443.0,294369033481.0,38.0
Q$.O,294369046019.0,294369046997.0,978.0
,294369055411.0,294369055463.0,52.0
Q$.O,294369062947.0,294369064150.0,1203.0
,294369067140.0,294369067295.0,155.0
g.h.Ix,294369067485.0,294369067864.0,379.0
g.h.Ix,294369068017.0,294369068240.0,223.0
Q$.O,294369079729.0,294369080539.0,810.0
,294369083224.0,294369083255.0,31.0
Q$.O,294369095717.0,294369096674.0,957.0
,294369105474.0,294369105525.0,51.0
Q$.O,294369112424.0,294369113644.0,1220.0
Q$.O,294369129128.0,294369130146.0,1018.0
,294369132916.0,294369133020.0,104.0
Q$.O,294369145833.0,294369146760.0,927.0
,294369155537.0,294369155580.0,43.0
Q$.O,294369163442.0,294369164150.0,708.0
,294369167149.0,294369167346.0,197.0
Q$.O,294369179196.0,294369180037.0,841.0
,294369182749.0,294369182826.0,77.0
,294369183028.0,294369183061.0,33.0
Q$.O,294369196446.0,294369197212.0,766.0
g.h.eI,294369199777.0,294369200019.0,242.0
,294369205759.0,294369205816.0,57.0
Q$.O,294369212483.0,294369213560.0,1077.0
Q$.O,294369229163.0,294369230664.0,1501.0
,294369233223.0,294369233258.0,35.0
Q$.O,294369245962.0,294369246837.0,875.0
,294369256061.0,294369256108.0,47.0
Q$.O,294369262451.0,294369263362.0,911.0
,294369265554.0,294369265685.0,131.0
Q$.O,294369279275.0,294369282159.0,2884.0
,294369285080.0,294369285121.0,41.0
Q$.O,294369297563.0,294369298206.0,643.0
,294369305930.0,294369306010.0,80.0
,294369308434.0,294369308612.0,178.0
Q$.O,294369313128.0,294369314237.0,1109.0
Q$.O,294369330509.0,294369331655.0,1146.0
,294369334193.0,294369334246.0,53.0
g.h.gV,294369341393.0,294369342473.0,1080.0
,294369343328.0,294369343369.0,41.0
Q$.O,294369346438.0,294369347148.0,710.0
,294369355831.0,294369355882.0,51.0
Q$.O,294369363749.0,294369364786.0,1037.0
,294369367428.0,294369367558.0,130.0
Q$.O,294369382040.0,294369383069.0,1029.0
,294369385174.0,294369385213.0,39.0
Q$.O,294369396444.0,294369397134.0,690.0
,294369405379.0,294369405424.0,45.0
Q$.O,294369413387.0,294369414587.0,1200.0
Q$.O,294369429915.0,294369431213.0,1298.0
,294369433980.0,294369434058.0,78.0
Q$.O,294369446617.0,294369447554.0,937.0
g.h.eI,294369450119.0,294369450501.0,382.0
,294369455316.0,294369455422.0,106.0
Q$.O,294369463234.0,294369464147.0,913.0
,294369466567.0,294369466802.0,235.0
Q$.O,294369479908.0,294369480949.0,1041.0
,294369483814.0,294369483913.0,99.0
Q$.O,294369496667.0,294369497583.0,916.0
,294369505398.0,294369505439.0,41.0
Q$.O,294369513327.0,294369514390.0,1063.0
,294369530576.0,294369530619.0,43.0
Q$.O,294369530878.0,294369531673.0,795.0
Q$.O,294369546989.0,294369547786.0,797.0
,294369555822.0,294369555861.0,39.0
Q$.O,294369563511.0,294369564345.0,834.0
,294369566851.0,294369567031.0,180.0
g.h.Ix,294369567898.0,294369568144.0,246.0
g.h.Ix,294369568350.0,294369568475.0,125.0
Q$.O,294369579987.0,294369580567.0,580.0
,294369582973.0,294369583019.0,46.0
Q$.O,294369597312.0,294369598086.0,774.0
,294369605319.0,294369605385.0,66.0
Q$.O,294369614503.0,294369615342.0,839.0
,294369630406.0,294369630449.0,43.0
Q$.O,294369631181.0,294369634906.0,3725.0
Q$.O,294369647223.0,294369648303.0,1080.0
,294369655465.0,294369655512.0,47.0
Q$.O,294369664185.0,294369665103.0,918.0
,294369667189.0,294369667315.0,126.0
,294369680329.0,294369680433.0,104.0
Q$.O,294369680798.0,294369681742.0,944.0
Q$.O,294369697349.0,294369698254.0,905.0
g.h.eI,294369700595.0,294369700846.0,251.0
,294369705330.0,294369705369.0,39.0
Q$.O,294369714039.0,294369715392.0,1353.0
,294369730526.0,294369730609.0,83.0
Q$.O,294369730941.0,294369731860.0,919.0
Q$.O,294369748004.0,294369748641.0,637.0
,294369755314.0,294369755385.0,71.0
Q$.O,294369764299.0,294369765822.0,1523.0
,294369768128.0,294369768354.0,226.0
,294369780337.0,294369780401.0,64.0
Q$.O,294369781171.0,294369781947.0,776.0
Q$.O,294369798927.0,294369799921.0,994.0
,294369805209.0,294369805247.0,38.0
,294369808293.0,294369808415.0,122.0
Q$.O,294369814825.0,294369815747.0,922.0
,294369831159.0,294369831213.0,54.0
Q$.O,294369831811.0,294369832758.0,947.0
g.h.gV,294369841453.0,294369842650.0,1197.0
,294369842951.0,294369843220.0,269.0
,294369843375.0,294369843421.0,46.0
Q$.O,294369847669.0,294369848724.0,1055.0
,294369855170.0,294369855214.0,44.0
,294369864179.0,294369864382.0,203.0
Q$.O,294369864997.0,294369865653.0,656.0
,294369880782.0,294369880869.0,87.0
Q$.O,294369881551.0,294369882506.0,955.0
Q$.O,294369897875.0,294369898861.0,986.0
,294369905406.0,294369905469.0,63.0
Q$.O,294369914560.0,294369915408.0,848.0
,294369930322.0,294369930414.0,92.0
Q$.O,294369931166.0,294369932089.0,923.0
Q$.O,294369948496.0,294369949826.0,1330.0
g.h.eI,294369952134.0,294369952438.0,304.0
,294369955194.0,294369955229.0,35.0
,294369964357.0,294369964562.0,205.0
Q$.O,294369965106.0,294369966091.0,985.0
,294369980749.0,294369980832.0,83.0
Q$.O,294369981367.0,294369982037.0,670.0
Q$.O,294369998019.0,294369999038.0,1019.0
,294370005314.0,294370005357.0,43.0
Q$.O,294370014698.0,294370015571.0,873.0
,294370030824.0,294370030884.0,60.0
Q$.O,294370031535.0,294370032390.0,855.0
Q$.O,294370048050.0,294370049040.0,990.0
,294370055502.0,294370055543.0,41.0
,294370064192.0,294370064437.0,245.0
Q$.O,294370064869.0,294370065687.0,818.0
g.h.Ix,294370068190.0,294370068449.0,259.0
g.h.Ix,294370068654.0,294370068774.0,120.0
,294370081804.0,294370081873.0,69.0
Q$.O,294370082622.0,294370083329.0,707.0
g.h.gV,294370091970.0,294370093160.0,1190.0
,294370094206.0,294370094300.0,94.0
Q$.O,294370098985.0,294370099897.0,912.0
,294370105324.0,294370105379.0,55.0
Q$.O,294370115146.0,294370115919.0,773.0
,294370131661.0,294370131720.0,59.0
Q$.O,294370132529.0,294370133414.0,885.0
Q$.O,294370149124.0,294370150305.0,1181.0
,294370155223.0,294370155261.0,38.0
,294370164554.0,294370164752.0,198.0
Q$.O,294370165308.0,294370166143.0,835.0
,294370181264.0,294370181337.0,73.0
,294370181665.0,294370181713.0,48.0
Q$.O,294370181981.0,294370182636.0,655.0
Q$.O,294370199270.0,294370200017.0,747.0
g.h.eI,294370202633.0,294370202890.0,257.0
,294370205083.0,294370205107.0,24.0
Q$.O,294370215893.0,294370216844.0,951.0
,294370231363.0,294370231413.0,50.0
Q$.O,294370231972.0,294370232671.0,699.0
Q$.O,294370248680.0,294370249726.0,1046.0
,294370255177.0,294370255226.0,49.0
,294370264782.0,294370265074.0,292.0
Q$.O,294370265463.0,294370266245.0,782.0
,294370280901.0,294370280947.0,46.0
Q$.O,294370282261.0,294370283106.0,845.0
Q$.O,294370300273.0,294370301128.0,855.0
,294370305171.0,294370305239.0,68.0
,294370308260.0,294370308391.0,131.0
Q$.O,294370315545.0,294370316357.0,812.0
,294370330410.0,294370330471.0,61.0
Q$.O,294370332447.0,294370333509.0,1062.0
Q$.O,294370349105.0,294370350046.0,941.0
,294370355176.0,294370355211.0,35.0
,294370365231.0,294370365514.0,283.0
Q$.O,294370365936.0,294370366822.0,886.0
,294370381870.0,294370381947.0,77.0
Q$.O,294370382556.0,294370383374.0,818.0
Q$.O,294370399324.0,294370400239.0,915.0
,294370405273.0,294370405301.0,28.0
Q$.O,294370415859.0,294370416652.0,793.0
,294370430741.0,294370430790.0,49.0
Q$.O,294370432545.0,294370433785.0,1240.0
Q$.O,294370449301.0,294370450332.0,1031.0
g.h.eI,294370453105.0,294370453382.0,277.0
,294370455154.0,294370455181.0,27.0
,294370465932.0,294370466354.0,422.0
Q$.O,294370466657.0,294370467624.0,967.0
,294370480554.0,294370480698.0,144.0
Q$.O,294370482617.0,294370483514.0,897.0
Q$.O,294370500012.0,294370501157.0,1145.0
,294370505420.0,294370505501.0,81.0
Q$.O,294370516136.0,294370517291.0,1155.0
,294370531937.0,294370532068.0,131.0
Q$.O,294370532870.0,294370534078.0,1208.0
Q$.O,294370549547.0,294370551257.0,1710.0
,294370555357.0,294370555436.0,79.0
,294370564363.0,294370564560.0,197.0
Q$.O,294370567059.0,294370568038.0,979.0
g.h.Ix,294370571309.0,294370571752.0,443.0
g.h.Ix,294370571968.0,294370572124.0,156.0
,294370580207.0,294370580249.0,42.0
Q$.O,294370583013.0,294370584217.0,1204.0
g.h.gV,294370591286.0,294370592610.0,1324.0
,294370593488.0,294370593589.0,101.0
Q$.O,294370599781.0,294370600765.0,984.0
,294370605581.0,294370605653.0,72.0
Q$.O,294370616477.0,294370617357.0,880.0
,294370630352.0,294370630398.0,46.0
Q$.O,294370633336.0,294370634519.0,1183.0
Q$.O,294370649821.0,294370651038.0,1217.0
,294370655320.0,294370655409.0,89.0
,294370664614.0,294370664823.0,209.0
Q$.O,294370667333.0,294370668319.0,986.0
,294370680373.0,294370680419.0,46.0
Q$.O,294370683325.0,294370683934.0,609.0
Q$.O,294370699907.0,294370701067.0,1160.0
g.h.eI,294370703663.0,294370704051.0,388.0
,294370705123.0,294370705164.0,41.0
,294370716900.0,294370717527.0,627.0
,294370717669.0,294370717885.0,216.0
,294370718063.0,294370718336.0,273.0
,294370718446.0,294370718569.0,123.0
,294370718665.0,294370718745.0,80.0
_.g.uF,294370718843.0,294370718881.0,38.0
,294370718966.0,294370719169.0,203.0
Q$.O,294370719449.0,294370720290.0,841.0
,294370730669.0,294370730701.0,32.0
Q$.O,294370733327.0,294370734118.0,791.0
Q$.O,294370750891.0,294370752723.0,1832.0
,294370756661.0,294370756702.0,41.0
,294370764231.0,294370764427.0,196.0
Q$.O,294370767443.0,294370768433.0,990.0
,294370780300.0,294370780344.0,44.0
Q$.O,294370783750.0,294370784595.0,845.0
Q$.O,294370800989.0,294370801951.0,962.0
,294370805363.0,294370805470.0,107.0
,294370808273.0,294370808392.0,119.0
